"timestamp [UTC]",message,"operation_Id"
"17/09/2025, 15:18:31.754","Initializing Warmup Extension.",
"17/09/2025, 15:18:31.760","Initializing Host. OperationId: '256b2f5d-3723-4942-831c-513deae0dcc4'.",
"17/09/2025, 15:18:31.761","Host initialization: ConsecutiveErrors=0, StartupCount=3, OperationId=256b2f5d-3723-4942-831c-513deae0dcc4",
"17/09/2025, 15:18:31.792","Loading HTTP Key Vault API function...",
"17/09/2025, 15:18:31.793","Loading HTTP Key Vault API function...",
"17/09/2025, 15:18:31.793","Secret loaded Local secret[object Object] 523.0306410000001",
"17/09/2025, 15:18:31.793","LoggerFilterOptions
{
  ""MinLevel"": ""None"",
  ""Rules"": [
    {
      ""ProviderName"": null,
      ""CategoryName"": null,
      ""LogLevel"": ""Warning"",
      ""Filter"": null
    },
    {
      ""ProviderName"": null,
      ""CategoryName"": null,
      ""LogLevel"": null,
      ""Filter"": ""<AddFilter>b__0""
    },
    {
      ""ProviderName"": ""Microsoft.Azure.WebJobs.Script.WebHost.Diagnostics.WebHostSystemLoggerProvider"",
      ""CategoryName"": null,
      ""LogLevel"": ""None"",
      ""Filter"": null
    },
    {
      ""ProviderName"": ""Microsoft.Azure.WebJobs.Script.WebHost.Diagnostics.WebHostSystemLoggerProvider"",
      ""CategoryName"": null,
      ""LogLevel"": null,
      ""Filter"": ""<AddFilter>b__0""
    },
    {
      ""ProviderName"": null,
      ""CategoryName"": null,
      ""LogLevel"": null,
      ""Filter"": ""<AddFilter>b__0""
    },
    {
      ""ProviderName"": ""OpenTelemetry.Logs.OpenTelemetryLoggerProvider"",
      ""CategoryName"": ""Function.*"",
      ""LogLevel"": null,
      ""Filter"": ""<AddFilter>b__0""
    },
    {
      ""ProviderName"": ""OpenTelemetry.Logs.OpenTelemetryLoggerProvider"",
      ""CategoryName"": ""Azure.*"",
      ""LogLevel"": null,
      ""Filter"": ""<AddFilter>b__0""
    },
    {
      ""ProviderName"": ""OpenTelemetry.Logs.OpenTelemetryLoggerProvider"",
      ""CategoryName"": ""Host.Results"",
      ""LogLevel"": null,
      ""Filter"": ""<AddFilter>b__0""
    },
    {
      ""ProviderName"": ""OpenTelemetry.Logs.OpenTelemetryLoggerProvider"",
      ""CategoryName"": ""Host.Aggregator"",
      ""LogLevel"": null,
      ""Filter"": ""<AddFilter>b__0""
    },
    {
      ""ProviderName"": ""Microsoft.Azure.WebJobs.Script.WebHost.Diagnostics.SystemLoggerProvider"",
      ""CategoryName"": null,
      ""LogLevel"": ""None"",
      ""Filter"": null
    },
    {
      ""ProviderName"": ""Microsoft.Azure.WebJobs.Script.WebHost.Diagnostics.SystemLoggerProvider"",
      ""CategoryName"": null,
      ""LogLevel"": null,
      ""Filter"": ""<AddFilter>b__0""
    }
  ]
}",
"17/09/2025, 15:18:31.793","HttpWorkerOptions
{
  ""Type"": 0,
  ""Description"": null,
  ""Arguments"": null,
  ""Port"": 0,
  ""EnableForwardingHttpRequest"": false,
  ""EnableProxyingHttpRequest"": false,
  ""InitializationTimeout"": ""00:00:30""
}",
"17/09/2025, 15:18:31.793","FunctionResultAggregatorOptions
{
  ""BatchSize"": 1000,
  ""FlushTimeout"": ""00:00:30"",
  ""IsEnabled"": true
}",
"17/09/2025, 15:18:31.793","ConcurrencyOptions
{
  ""DynamicConcurrencyEnabled"": false,
  ""MaximumFunctionConcurrency"": 500,
  ""CPUThreshold"": 0.8,
  ""SnapshotPersistenceEnabled"": true
}",
"17/09/2025, 15:18:31.793","SingletonOptions
{
  ""LockPeriod"": ""00:00:15"",
  ""ListenerLockPeriod"": ""00:01:00"",
  ""LockAcquisitionTimeout"": ""10675199.02:48:05.4775807"",
  ""LockAcquisitionPollingInterval"": ""00:00:05"",
  ""ListenerLockRecoveryPollingInterval"": ""00:01:00""
}",
"17/09/2025, 15:18:31.793","ScaleOptions
{
  ""ScaleMetricsMaxAge"": ""00:02:00"",
  ""ScaleMetricsSampleInterval"": ""00:00:10"",
  ""MetricsPurgeEnabled"": true,
  ""IsTargetScalingEnabled"": true,
  ""IsRuntimeScalingEnabled"": false
}",
"17/09/2025, 15:18:31.793","Starting JobHost",
"17/09/2025, 15:18:31.793","Starting Host (HostId=9a7f0077b28aff13db258374ba58e97f, InstanceId=9924b694-14f6-420c-9b61-fbf9ca594403, Version=4.1042.100.3, ProcessId=34, AppDomainId=1, InDebugMode=False, InDiagnosticMode=False, FunctionsExtensionVersion=~4)",
"17/09/2025, 15:18:31.793","Loading functions metadata",
"17/09/2025, 15:18:31.794","Reading functions metadata (Custom)",
"17/09/2025, 15:18:31.795","0 functions found (Custom)",
"17/09/2025, 15:18:31.795","1 functions loaded",
"17/09/2025, 15:18:31.801","Generating 1 job function(s)",
"17/09/2025, 15:18:31.803","Found the following functions:
Host.Functions.http-with-keyvault-prewarm
",
"17/09/2025, 15:18:31.804","HttpOptions
{
  ""DynamicThrottlesEnabled"": false,
  ""EnableChunkedRequestBinding"": false,
  ""MaxConcurrentRequests"": -1,
  ""MaxOutstandingRequests"": -1,
  ""RoutePrefix"": ""api""
}",
"17/09/2025, 15:18:31.804","Initializing function HTTP routes
Mapped function route 'api/http-with-keyvault-prewarm' [GET,POST] to 'http-with-keyvault-prewarm'
",
"17/09/2025, 15:18:31.804","Host initialized (10ms)",
"17/09/2025, 15:18:31.804","Host started (11ms)",
"17/09/2025, 15:18:31.804","Job host started",
"17/09/2025, 15:18:31.818","Host Status: {
  ""id"": ""9a7f0077b28aff13db258374ba58e97f"",
  ""state"": ""Running"",
  ""version"": ""4.1042.100.3"",
  ""versionDetails"": ""4.1042.100-dev.3.0+d3360a6dfca598acda7b2f1550fb45ae23158c9b"",
  ""platformVersion"": """",
  ""instanceId"": ""95917706-ae0e-4b2b-a47a-e4a2f6c042b5"",
  ""computerName"": """",
  ""processUptime"": 1473598,
  ""functionAppContentEditingState"": ""NotAllowed"",
  ""extensionBundle"": {
    ""id"": ""Microsoft.Azure.Functions.ExtensionBundle"",
    ""version"": ""4.26.2""
  }
}",206a0bfa8417a04fd9aeb105de7c4f12
"17/09/2025, 15:18:31.869","(node:439) ExperimentalWarning: `--experimental-loader` may be removed in the future; instead use `register()`:",
"17/09/2025, 15:18:31.869","--import 'data:text/javascript,import { register } from ""node:module""; import { pathToFileURL } from ""node:url""; register(""%40opentelemetry/instrumentation/hook.mjs"", pathToFileURL(""./""));'",
"17/09/2025, 15:18:31.869","(Use `node --trace-warnings ...` to show where the warning was created)",
"17/09/2025, 15:18:32.161","Initializing Warmup Extension.",
"17/09/2025, 15:18:32.170","Initializing Host. OperationId: '2d94bc47-cabc-4a5f-9e85-26ce87f1f85e'.",
"17/09/2025, 15:18:32.171","Host initialization: ConsecutiveErrors=0, StartupCount=3, OperationId=2d94bc47-cabc-4a5f-9e85-26ce87f1f85e",
"17/09/2025, 15:18:32.195","Loading HTTP Key Vault API function...",
"17/09/2025, 15:18:32.195","Loading HTTP Key Vault API function...",
"17/09/2025, 15:18:32.195","Secret loaded Local secret[object Object] 515.5541939999999",
"17/09/2025, 15:18:32.195","LoggerFilterOptions
{
  ""MinLevel"": ""None"",
  ""Rules"": [
    {
      ""ProviderName"": null,
      ""CategoryName"": null,
      ""LogLevel"": ""Warning"",
      ""Filter"": null
    },
    {
      ""ProviderName"": null,
      ""CategoryName"": null,
      ""LogLevel"": null,
      ""Filter"": ""<AddFilter>b__0""
    },
    {
      ""ProviderName"": ""Microsoft.Azure.WebJobs.Script.WebHost.Diagnostics.WebHostSystemLoggerProvider"",
      ""CategoryName"": null,
      ""LogLevel"": ""None"",
      ""Filter"": null
    },
    {
      ""ProviderName"": ""Microsoft.Azure.WebJobs.Script.WebHost.Diagnostics.WebHostSystemLoggerProvider"",
      ""CategoryName"": null,
      ""LogLevel"": null,
      ""Filter"": ""<AddFilter>b__0""
    },
    {
      ""ProviderName"": null,
      ""CategoryName"": null,
      ""LogLevel"": null,
      ""Filter"": ""<AddFilter>b__0""
    },
    {
      ""ProviderName"": ""OpenTelemetry.Logs.OpenTelemetryLoggerProvider"",
      ""CategoryName"": ""Function.*"",
      ""LogLevel"": null,
      ""Filter"": ""<AddFilter>b__0""
    },
    {
      ""ProviderName"": ""OpenTelemetry.Logs.OpenTelemetryLoggerProvider"",
      ""CategoryName"": ""Azure.*"",
      ""LogLevel"": null,
      ""Filter"": ""<AddFilter>b__0""
    },
    {
      ""ProviderName"": ""OpenTelemetry.Logs.OpenTelemetryLoggerProvider"",
      ""CategoryName"": ""Host.Results"",
      ""LogLevel"": null,
      ""Filter"": ""<AddFilter>b__0""
    },
    {
      ""ProviderName"": ""OpenTelemetry.Logs.OpenTelemetryLoggerProvider"",
      ""CategoryName"": ""Host.Aggregator"",
      ""LogLevel"": null,
      ""Filter"": ""<AddFilter>b__0""
    },
    {
      ""ProviderName"": ""Microsoft.Azure.WebJobs.Script.WebHost.Diagnostics.SystemLoggerProvider"",
      ""CategoryName"": null,
      ""LogLevel"": ""None"",
      ""Filter"": null
    },
    {
      ""ProviderName"": ""Microsoft.Azure.WebJobs.Script.WebHost.Diagnostics.SystemLoggerProvider"",
      ""CategoryName"": null,
      ""LogLevel"": null,
      ""Filter"": ""<AddFilter>b__0""
    }
  ]
}",
"17/09/2025, 15:18:32.195","HttpWorkerOptions
{
  ""Type"": 0,
  ""Description"": null,
  ""Arguments"": null,
  ""Port"": 0,
  ""EnableForwardingHttpRequest"": false,
  ""EnableProxyingHttpRequest"": false,
  ""InitializationTimeout"": ""00:00:30""
}",
"17/09/2025, 15:18:32.195","FunctionResultAggregatorOptions
{
  ""BatchSize"": 1000,
  ""FlushTimeout"": ""00:00:30"",
  ""IsEnabled"": true
}",
"17/09/2025, 15:18:32.195","ConcurrencyOptions
{
  ""DynamicConcurrencyEnabled"": false,
  ""MaximumFunctionConcurrency"": 500,
  ""CPUThreshold"": 0.8,
  ""SnapshotPersistenceEnabled"": true
}",
"17/09/2025, 15:18:32.195","SingletonOptions
{
  ""LockPeriod"": ""00:00:15"",
  ""ListenerLockPeriod"": ""00:01:00"",
  ""LockAcquisitionTimeout"": ""10675199.02:48:05.4775807"",
  ""LockAcquisitionPollingInterval"": ""00:00:05"",
  ""ListenerLockRecoveryPollingInterval"": ""00:01:00""
}",
"17/09/2025, 15:18:32.195","ScaleOptions
{
  ""ScaleMetricsMaxAge"": ""00:02:00"",
  ""ScaleMetricsSampleInterval"": ""00:00:10"",
  ""MetricsPurgeEnabled"": true,
  ""IsTargetScalingEnabled"": true,
  ""IsRuntimeScalingEnabled"": false
}",
"17/09/2025, 15:18:32.195","Starting JobHost",
"17/09/2025, 15:18:32.195","Starting Host (HostId=9a7f0077b28aff13db258374ba58e97f, InstanceId=0830e01c-bc00-433d-a67c-cec21522863e, Version=4.1042.100.3, ProcessId=34, AppDomainId=1, InDebugMode=False, InDiagnosticMode=False, FunctionsExtensionVersion=~4)",
"17/09/2025, 15:18:32.195","Loading functions metadata",
"17/09/2025, 15:18:32.196","Reading functions metadata (Custom)",
"17/09/2025, 15:18:32.197","0 functions found (Custom)",
"17/09/2025, 15:18:32.197","1 functions loaded",
"17/09/2025, 15:18:32.199","Generating 1 job function(s)",
"17/09/2025, 15:18:32.203","Found the following functions:
Host.Functions.http-with-keyvault-prewarm
",
"17/09/2025, 15:18:32.203","HttpOptions
{
  ""DynamicThrottlesEnabled"": false,
  ""EnableChunkedRequestBinding"": false,
  ""MaxConcurrentRequests"": -1,
  ""MaxOutstandingRequests"": -1,
  ""RoutePrefix"": ""api""
}",
"17/09/2025, 15:18:32.203","Initializing function HTTP routes
Mapped function route 'api/http-with-keyvault-prewarm' [GET,POST] to 'http-with-keyvault-prewarm'
",
"17/09/2025, 15:18:32.203","Host initialized (8ms)",
"17/09/2025, 15:18:32.204","Host started (8ms)",
"17/09/2025, 15:18:32.204","Job host started",
"17/09/2025, 15:18:32.217","Host Status: {
  ""id"": ""9a7f0077b28aff13db258374ba58e97f"",
  ""state"": ""Running"",
  ""version"": ""4.1042.100.3"",
  ""versionDetails"": ""4.1042.100-dev.3.0+d3360a6dfca598acda7b2f1550fb45ae23158c9b"",
  ""platformVersion"": """",
  ""instanceId"": ""85ccffe1-d56f-4096-bc09-25f0ad9ccd66"",
  ""computerName"": """",
  ""processUptime"": 966717,
  ""functionAppContentEditingState"": ""NotAllowed"",
  ""extensionBundle"": {
    ""id"": ""Microsoft.Azure.Functions.ExtensionBundle"",
    ""version"": ""4.26.2""
  }
}",e04576630a4b7b07b9651913a5808f56
"17/09/2025, 15:18:32.272","(node:317) ExperimentalWarning: `--experimental-loader` may be removed in the future; instead use `register()`:",
"17/09/2025, 15:18:32.272","--import 'data:text/javascript,import { register } from ""node:module""; import { pathToFileURL } from ""node:url""; register(""%40opentelemetry/instrumentation/hook.mjs"", pathToFileURL(""./""));'",
"17/09/2025, 15:18:32.272","(Use `node --trace-warnings ...` to show where the warning was created)",
"17/09/2025, 15:18:32.703",">>> Index OTEL loading",
"17/09/2025, 15:18:32.724",">>> Index OTEL loaded 20.870777999999973",
"17/09/2025, 15:18:32.832","{""instrumentationScope"":{""name"":""@opentelemetry/instrumentation-net"",""version"":""0.49.0""},""traceId"":""f247abd5be371efb50871a39dd38e267"",""name"":""tcp.connect"",""id"":""297517dd31cc4cda"",""kind"":0,""timestamp"":1758122312825000,""duration"":2531.043,""attributes"":{""net.transport"":""ip_tcp"",""net.peer.name"":""127.0.0.1"",""net.peer.port"":35911,""net.peer.ip"":""127.0.0.1"",""net.host.ip"":""127.0.0.1"",""net.host.port"":53156},""status"":{""code"":0},""events"":[],""links"":[]}",
"17/09/2025, 15:18:33.027",">>> Index OTEL loading",
"17/09/2025, 15:18:33.048",">>> Index OTEL loaded 20.922259000000054",
"17/09/2025, 15:18:33.095","Start prewarm",3c442f71a0f746a3b5ac8c52cc3abbb2
"17/09/2025, 15:18:33.095","Loading HTTP Key Vault API function...",
"17/09/2025, 15:18:33.095","Loading HTTP Key Vault API function...",
"17/09/2025, 15:18:33.130","{""instrumentationScope"":{""name"":""@opentelemetry/instrumentation-dns"",""version"":""0.49.0""},""traceId"":""3c442f71a0f746a3b5ac8c52cc3abbb2"",""parentSpanContext"":{""traceId"":""3c442f71a0f746a3b5ac8c52cc3abbb2"",""spanId"":""50dbf5aded8bca71"",""traceFlags"":1},""name"":""dns.lookup"",""id"":""e2b5a6e09d18b203"",""kind"":2,""timestamp"":1758122313124000,""duration"":5698.984,""attributes"":{""peer.ipv4"":""52.236.189.80"",""peer[1].ipv4"":""13.69.64.72"",""peer[2].ipv4"":""13.69.111.192""},""status"":{""code"":0},""events"":[],""links"":[]}",
"17/09/2025, 15:18:33.132","{""instrumentationScope"":{""name"":""@opentelemetry/instrumentation-net"",""version"":""0.49.0""},""traceId"":""3c442f71a0f746a3b5ac8c52cc3abbb2"",""parentSpanContext"":{""traceId"":""3c442f71a0f746a3b5ac8c52cc3abbb2"",""spanId"":""055a5f706c829108"",""traceFlags"":1},""name"":""tcp.connect"",""id"":""ecf4850a7e250bfc"",""kind"":0,""timestamp"":1758122313123000,""duration"":8748.546,""attributes"":{""net.transport"":""ip_tcp"",""net.peer.name"":""really-secret.vault.azure.net"",""net.peer.port"":443,""net.peer.ip"":""52.236.189.80"",""net.host.ip"":""169.254.9.192"",""net.host.port"":54344},""status"":{""code"":0},""events"":[],""links"":[]}",
"17/09/2025, 15:18:33.140","{""instrumentationScope"":{""name"":""@opentelemetry/instrumentation-net"",""version"":""0.49.0""},""traceId"":""3c442f71a0f746a3b5ac8c52cc3abbb2"",""parentSpanContext"":{""traceId"":""3c442f71a0f746a3b5ac8c52cc3abbb2"",""spanId"":""50dbf5aded8bca71"",""traceFlags"":1},""name"":""tls.connect"",""id"":""055a5f706c829108"",""kind"":0,""timestamp"":1758122313123000,""duration"":17181.158,""attributes"":{""tls.protocol"":""TLSv1.3"",""tls.authorized"":""true"",""tls.cipher.name"":""TLS_AES_256_GCM_SHA384"",""tls.cipher.version"":""TLSv1.3"",""tls.certificate.fingerprint"":""B6:3A:EB:D7:AD:F4:1C:17:10:BC:D6:65:28:A8:B8:E8:75:5F:9B:4B"",""tls.certificate.serialNumber"":""33028BB6E997A2ECC0A28E0A640000028BB6E9"",""tls.certificate.validFrom"":""Aug  3 02:45:41 2025 GMT"",""tls.certificate.validTo"":""Jan 30 02:45:41 2026 GMT"",""tls.alpnProtocol"":""""},""status"":{""code"":0},""events"":[],""links"":[]}",
"17/09/2025, 15:18:33.160","{""instrumentationScope"":{""name"":""@opentelemetry/instrumentation-net"",""version"":""0.49.0""},""traceId"":""5ca43936f40b0e2ba06692110a2e34bc"",""name"":""tcp.connect"",""id"":""7a95d04bbd23af67"",""kind"":0,""timestamp"":1758122313153000,""duration"":2528.464,""attributes"":{""net.transport"":""ip_tcp"",""net.peer.name"":""127.0.0.1"",""net.peer.port"":40911,""net.peer.ip"":""127.0.0.1"",""net.host.ip"":""127.0.0.1"",""net.host.port"":33598},""status"":{""code"":0},""events"":[],""links"":[]}",
"17/09/2025, 15:18:33.162","{""instrumentationScope"":{""name"":""@opentelemetry/instrumentation-http"",""version"":""0.205.0""},""traceId"":""3c442f71a0f746a3b5ac8c52cc3abbb2"",""parentSpanContext"":{""traceId"":""3c442f71a0f746a3b5ac8c52cc3abbb2"",""spanId"":""03e8f74985a44ad0"",""traceFlags"":1},""name"":""GET"",""id"":""50dbf5aded8bca71"",""kind"":2,""timestamp"":1758122313103000,""duration"":59235.733,""attributes"":{""http.url"":""https://really-secret.vault.azure.net/secrets/my-secret/?api-version=7.6"",""http.method"":""GET"",""http.target"":""/secrets/my-secret/?api%2Dversion=7.6"",""net.peer.name"":""really-secret.vault.azure.net"",""http.host"":""really-secret.vault.azure.net:443"",""net.peer.ip"":""52.236.189.80"",""net.peer.port"":443,""http.response_content_length_uncompressed"":97,""http.status_code"":401,""http.status_text"":""UNAUTHORIZED"",""http.flavor"":""1.1"",""net.transport"":""ip_tcp""},""status"":{""code"":2},""events"":[],""links"":[]}",
"17/09/2025, 15:18:33.163","{""instrumentationScope"":{""name"":""@azure/core-rest-pipeline"",""version"":""1.22.1""},""traceId"":""3c442f71a0f746a3b5ac8c52cc3abbb2"",""parentSpanContext"":{""traceId"":""3c442f71a0f746a3b5ac8c52cc3abbb2"",""spanId"":""491a4a61ee32d4d6"",""traceFlags"":1},""name"":""HTTP GET"",""id"":""03e8f74985a44ad0"",""kind"":2,""timestamp"":1758122313101000,""duration"":61428.889,""attributes"":{""http.url"":""https://really-secret.vault.azure.net/secrets/my-secret/?api%2Dversion=7.6"",""http.method"":""GET"",""http.user_agent"":"" azsdk-js-keyvault-secrets/4.10.0 azsdk-js-client azsdk-js-api azsdk-js-keyvault-secrets/1.0.0-beta.1 core-rest-pipeline/1.22.1 Node/22.19.0 OS/(x64-Linux-5.15.164.1-1.cm2)"",""requestId"":""5a229c04-0af9-403f-a367-ae0b0c1316b4"",""az.namespace"":""Microsoft.KeyVault"",""http.status_code"":401,""serviceRequestId"":""9f34bfcc-15e3-4c27-8b2c-bb4e4f653de9""},""status"":{""code"":2},""events"":[],""links"":[]}",
"17/09/2025, 15:18:33.194","{""instrumentationScope"":{""name"":""@azure/identity"",""version"":""4.12.0""},""traceId"":""3c442f71a0f746a3b5ac8c52cc3abbb2"",""parentSpanContext"":{""traceId"":""3c442f71a0f746a3b5ac8c52cc3abbb2"",""spanId"":""909e49de997d8929"",""traceFlags"":1},""name"":""EnvironmentCredential.getToken"",""id"":""e11babd124284cb8"",""kind"":0,""timestamp"":1758122313164000,""duration"":29076.543,""attributes"":{""az.namespace"":""Microsoft.KeyVault""},""status"":{""code"":2,""message"":""CredentialUnavailableError: EnvironmentCredential is unavailable. No underlying credential could be used. To troubleshoot, visit https://aka.ms/azsdk/js/identity/environmentcredential/troubleshoot.""},""events"":[{""name"":""exception"",""attributes"":{""exception.type"":""CredentialUnavailableError"",""exception.message"":""EnvironmentCredential is unavailable. No underlying credential could be used. To troubleshoot, visit https://aka.ms/azsdk/js/identity/environmentcredential/troubleshoot."",""exception.stacktrace"":""CredentialUnavailableError: EnvironmentCredential is unavailable. No underlying credential could be used. To troubleshoot, visit https://aka.ms/azsdk/js/identity/environmentcredential/troubleshoot.\n    at <anonymous> (/home/site/node_modules/@azure/identity/src/credentials/environmentCredential.ts:169:13)\n    at <anonymous> (/home/site/wwwroot/node_modules/@azure/core-tracing/src/tracingClient.ts:71:25)\n    at AsyncLocalStorage.run (node:internal/async_local_storage/async_hooks:91:14)\n    at AsyncLocalStorageContextManager.with (/home/site/wwwroot/node_modules/@opentelemetry/context-async-hooks/src/AsyncLocalStorageContextManager.ts:40:36)\n    at ContextAPI.with (/home/site/wwwroot/node_modules/@opentelemetry/api/src/api/context.ts:77:42)\n    at OpenTelemetryInstrumenter.withContext (/home/site/node_modules/@azure/opentelemetry-instrumentation-azure-sdk/src/instrumenter.ts:66:20)\n    at withContext (/home/site/wwwroot/node_modules/@azure/core-tracing/src/tracingClient.ts:91:30)\n    at Object.withSpan (/home/site/wwwroot/node_modules/@azure/core-tracing/src/tracingClient.ts:70:28)\n    at EnvironmentCredential.getToken (/home/site/node_modules/@azure/identity/src/credentials/environmentCredential.ts:154:26)\n    at <anonymous> (/home/site/node_modules/@azure/identity/src/credentials/chainedTokenCredential.ts:79:44)""},""time"":[1758122313,193053678],""droppedAttributesCount"":0}],""links"":[]}",
"17/09/2025, 15:18:33.206","{""instrumentationScope"":{""name"":""@opentelemetry/instrumentation-net"",""version"":""0.49.0""},""traceId"":""3c442f71a0f746a3b5ac8c52cc3abbb2"",""parentSpanContext"":{""traceId"":""3c442f71a0f746a3b5ac8c52cc3abbb2"",""spanId"":""4fe366c158fe3a49"",""traceFlags"":1},""name"":""tcp.connect"",""id"":""5e590c923d312c77"",""kind"":0,""timestamp"":1758122313197000,""duration"":8252.802,""attributes"":{""net.transport"":""ip_tcp"",""net.peer.name"":""169.254.255.2"",""net.peer.port"":""8081"",""net.peer.ip"":""169.254.255.2"",""net.host.ip"":""169.254.255.1"",""net.host.port"":42238},""status"":{""code"":0},""events"":[],""links"":[]}",
"17/09/2025, 15:18:33.210","{""instrumentationScope"":{""name"":""@opentelemetry/instrumentation-http"",""version"":""0.205.0""},""traceId"":""3c442f71a0f746a3b5ac8c52cc3abbb2"",""parentSpanContext"":{""traceId"":""3c442f71a0f746a3b5ac8c52cc3abbb2"",""spanId"":""f678caf971c9fa2d"",""traceFlags"":1},""name"":""GET"",""id"":""1cd3cb36339466bd"",""kind"":2,""timestamp"":1758122313196000,""duration"":13569.12,""attributes"":{""http.url"":""http://169.254.255.2:8081/msi/token?api-version=2019-08-01&resource=https%3A%2F%2Fvault.azure.net"",""http.method"":""GET"",""http.target"":""/msi/token?api-version=2019-08-01&resource=https%3A%2F%2Fvault.azure.net"",""net.peer.name"":""169.254.255.2"",""http.host"":""169.254.255.2:8081"",""net.peer.ip"":""169.254.255.2"",""net.peer.port"":8081,""http.status_code"":200,""http.status_text"":""OK"",""http.flavor"":""1.1"",""net.transport"":""ip_tcp""},""status"":{""code"":0},""events"":[],""links"":[]}",
"17/09/2025, 15:18:33.210","{""instrumentationScope"":{""name"":""@opentelemetry/instrumentation-http"",""version"":""0.205.0""},""traceId"":""3c442f71a0f746a3b5ac8c52cc3abbb2"",""parentSpanContext"":{""traceId"":""3c442f71a0f746a3b5ac8c52cc3abbb2"",""spanId"":""1cd3cb36339466bd"",""traceFlags"":1},""name"":""GET"",""id"":""4fe366c158fe3a49"",""kind"":2,""timestamp"":1758122313196000,""duration"":13636.932,""attributes"":{""http.url"":""http://169.254.255.2:8081/msi/token?api-version=2019-08-01&resource=https%3A%2F%2Fvault.azure.net"",""http.method"":""GET"",""http.target"":""/msi/token?api-version=2019-08-01&resource=https%3A%2F%2Fvault.azure.net"",""net.peer.name"":""169.254.255.2"",""http.host"":""169.254.255.2:8081"",""net.peer.ip"":""169.254.255.2"",""net.peer.port"":8081,""http.status_code"":200,""http.status_text"":""OK"",""http.flavor"":""1.1"",""net.transport"":""ip_tcp""},""status"":{""code"":0},""events"":[],""links"":[]}",
"17/09/2025, 15:18:33.211","{""instrumentationScope"":{""name"":""@azure/core-rest-pipeline"",""version"":""1.22.1""},""traceId"":""3c442f71a0f746a3b5ac8c52cc3abbb2"",""parentSpanContext"":{""traceId"":""3c442f71a0f746a3b5ac8c52cc3abbb2"",""spanId"":""1bfdcfbd9147875d"",""traceFlags"":1},""name"":""HTTP GET"",""id"":""f678caf971c9fa2d"",""kind"":2,""timestamp"":1758122313196000,""duration"":14806.279,""attributes"":{""http.url"":""http://169.254.255.2:8081/msi/token?api-version=2019-08-01&resource=REDACTED"",""http.method"":""GET"",""http.user_agent"":""azsdk-js-identity/4.12.0 core-rest-pipeline/1.22.1 Node/22.19.0 OS/(x64-Linux-5.15.164.1-1.cm2)"",""requestId"":""45965ec6-eab7-4a4c-a967-0967aaab224c"",""az.namespace"":""Microsoft.KeyVault"",""http.status_code"":200},""status"":{""code"":0},""events"":[],""links"":[]}",
"17/09/2025, 15:18:33.213","{""instrumentationScope"":{""name"":""@azure/identity"",""version"":""4.12.0""},""traceId"":""3c442f71a0f746a3b5ac8c52cc3abbb2"",""parentSpanContext"":{""traceId"":""3c442f71a0f746a3b5ac8c52cc3abbb2"",""spanId"":""909e49de997d8929"",""traceFlags"":1},""name"":""ManagedIdentityCredential.getToken"",""id"":""1bfdcfbd9147875d"",""kind"":0,""timestamp"":1758122313194000,""duration"":18753.29,""attributes"":{""az.namespace"":""Microsoft.KeyVault""},""status"":{""code"":0},""events"":[],""links"":[]}",
"17/09/2025, 15:18:33.213","{""instrumentationScope"":{""name"":""@azure/identity"",""version"":""4.12.0""},""traceId"":""3c442f71a0f746a3b5ac8c52cc3abbb2"",""parentSpanContext"":{""traceId"":""3c442f71a0f746a3b5ac8c52cc3abbb2"",""spanId"":""491a4a61ee32d4d6"",""traceFlags"":1},""name"":""ChainedTokenCredential.getToken"",""id"":""909e49de997d8929"",""kind"":0,""timestamp"":1758122313164000,""duration"":48687.051,""attributes"":{""az.namespace"":""Microsoft.KeyVault""},""status"":{""code"":0},""events"":[],""links"":[]}",
"17/09/2025, 15:18:33.297","End prewarm",3c442f71a0f746a3b5ac8c52cc3abbb2
"17/09/2025, 15:18:33.297","{""instrumentationScope"":{""name"":""@opentelemetry/instrumentation-http"",""version"":""0.205.0""},""traceId"":""3c442f71a0f746a3b5ac8c52cc3abbb2"",""parentSpanContext"":{""traceId"":""3c442f71a0f746a3b5ac8c52cc3abbb2"",""spanId"":""e218610242c3713b"",""traceFlags"":1},""name"":""GET"",""id"":""cae49cd4c3f2c697"",""kind"":2,""timestamp"":1758122313213000,""duration"":83553.509,""attributes"":{""http.url"":""https://really-secret.vault.azure.net/secrets/my-secret/?api-version=7.6"",""http.method"":""GET"",""http.target"":""/secrets/my-secret/?api%2Dversion=7.6"",""net.peer.name"":""really-secret.vault.azure.net"",""http.host"":""really-secret.vault.azure.net:443"",""net.peer.ip"":""52.236.189.80"",""net.peer.port"":443,""http.response_content_length_uncompressed"":261,""http.status_code"":200,""http.status_text"":""OK"",""http.flavor"":""1.1"",""net.transport"":""ip_tcp""},""status"":{""code"":0},""events"":[],""links"":[]}",
"17/09/2025, 15:18:33.297","{""instrumentationScope"":{""name"":""@azure/core-rest-pipeline"",""version"":""1.22.1""},""traceId"":""3c442f71a0f746a3b5ac8c52cc3abbb2"",""parentSpanContext"":{""traceId"":""3c442f71a0f746a3b5ac8c52cc3abbb2"",""spanId"":""491a4a61ee32d4d6"",""traceFlags"":1},""name"":""HTTP GET"",""id"":""e218610242c3713b"",""kind"":2,""timestamp"":1758122313213000,""duration"":84242.865,""attributes"":{""http.url"":""https://really-secret.vault.azure.net/secrets/my-secret/?api%2Dversion=7.6"",""http.method"":""GET"",""http.user_agent"":"" azsdk-js-keyvault-secrets/4.10.0 azsdk-js-client azsdk-js-api azsdk-js-keyvault-secrets/1.0.0-beta.1 core-rest-pipeline/1.22.1 Node/22.19.0 OS/(x64-Linux-5.15.164.1-1.cm2)"",""requestId"":""5a229c04-0af9-403f-a367-ae0b0c1316b4"",""az.namespace"":""Microsoft.KeyVault"",""http.status_code"":200,""serviceRequestId"":""36cddd68-be97-4afb-a516-87c19c68fce9""},""status"":{""code"":0},""events"":[],""links"":[]}",
"17/09/2025, 15:18:33.298","{""instrumentationScope"":{""name"":""@azure/keyvault-secrets"",""version"":""4.10.0""},""traceId"":""3c442f71a0f746a3b5ac8c52cc3abbb2"",""parentSpanContext"":{""traceId"":""3c442f71a0f746a3b5ac8c52cc3abbb2"",""spanId"":""498b1788cd37ccb3"",""traceFlags"":1},""name"":""SecretClient.getSecret"",""id"":""491a4a61ee32d4d6"",""kind"":0,""timestamp"":1758122313099000,""duration"":198801.921,""attributes"":{""az.namespace"":""Microsoft.KeyVault""},""status"":{""code"":0},""events"":[],""links"":[]}",
"17/09/2025, 15:18:33.298","Secret loaded Local secret[object Object] 202.84813199999985",
"17/09/2025, 15:18:33.298","{""instrumentationScope"":{""name"":""azure-test-otel""},""traceId"":""3c442f71a0f746a3b5ac8c52cc3abbb2"",""name"":""prewarm"",""id"":""498b1788cd37ccb3"",""kind"":0,""timestamp"":1758122313095000,""duration"":202992.559,""attributes"":{},""status"":{""code"":0},""events"":[{""name"":""Start prewarm"",""attributes"":{},""time"":[1758122313,95137036],""droppedAttributesCount"":0},{""name"":""End prewarm"",""attributes"":{},""time"":[1758122313,297988583],""droppedAttributesCount"":0}],""links"":[]}",
"17/09/2025, 15:18:33.299","Setting Node.js programming model to ""@azure/functions"" version ""4.8.0""",
"17/09/2025, 15:18:33.300","Loaded entry point file ""dist/src/apps/http-with-keyvault-prewarm.mjs""",
"17/09/2025, 15:18:33.309","Worker process started and initialized.",
"17/09/2025, 15:18:33.312","Worker 74fd9b2d-150d-482d-a594-585ec241f84e received FunctionLoadRequest",
"17/09/2025, 15:18:33.430","Start prewarm",eea2a7825352de6b09cc6368cde3612e
"17/09/2025, 15:18:33.430","Loading HTTP Key Vault API function...",
"17/09/2025, 15:18:33.431","Loading HTTP Key Vault API function...",
"17/09/2025, 15:18:33.465","{""instrumentationScope"":{""name"":""@opentelemetry/instrumentation-dns"",""version"":""0.49.0""},""traceId"":""eea2a7825352de6b09cc6368cde3612e"",""parentSpanContext"":{""traceId"":""eea2a7825352de6b09cc6368cde3612e"",""spanId"":""b4f9a8007e8f009d"",""traceFlags"":1},""name"":""dns.lookup"",""id"":""c1ecc67d69e753f0"",""kind"":2,""timestamp"":1758122313460000,""duration"":4481.625,""attributes"":{""peer.ipv4"":""13.69.64.72"",""peer[1].ipv4"":""52.236.189.80"",""peer[2].ipv4"":""13.69.111.192""},""status"":{""code"":0},""events"":[],""links"":[]}",
"17/09/2025, 15:18:33.467","{""instrumentationScope"":{""name"":""@opentelemetry/instrumentation-net"",""version"":""0.49.0""},""traceId"":""eea2a7825352de6b09cc6368cde3612e"",""parentSpanContext"":{""traceId"":""eea2a7825352de6b09cc6368cde3612e"",""spanId"":""b80b96e421051bcf"",""traceFlags"":1},""name"":""tcp.connect"",""id"":""af2bbe6c501663bc"",""kind"":0,""timestamp"":1758122313459000,""duration"":8034.845,""attributes"":{""net.transport"":""ip_tcp"",""net.peer.name"":""really-secret.vault.azure.net"",""net.peer.port"":443,""net.peer.ip"":""13.69.64.72"",""net.host.ip"":""169.254.7.96"",""net.host.port"":54930},""status"":{""code"":0},""events"":[],""links"":[]}",
"17/09/2025, 15:18:33.477","{""instrumentationScope"":{""name"":""@opentelemetry/instrumentation-net"",""version"":""0.49.0""},""traceId"":""eea2a7825352de6b09cc6368cde3612e"",""parentSpanContext"":{""traceId"":""eea2a7825352de6b09cc6368cde3612e"",""spanId"":""b4f9a8007e8f009d"",""traceFlags"":1},""name"":""tls.connect"",""id"":""b80b96e421051bcf"",""kind"":0,""timestamp"":1758122313459000,""duration"":18131.374,""attributes"":{""tls.protocol"":""TLSv1.3"",""tls.authorized"":""true"",""tls.cipher.name"":""TLS_AES_256_GCM_SHA384"",""tls.cipher.version"":""TLSv1.3"",""tls.certificate.fingerprint"":""B6:3A:EB:D7:AD:F4:1C:17:10:BC:D6:65:28:A8:B8:E8:75:5F:9B:4B"",""tls.certificate.serialNumber"":""33028BB6E997A2ECC0A28E0A640000028BB6E9"",""tls.certificate.validFrom"":""Aug  3 02:45:41 2025 GMT"",""tls.certificate.validTo"":""Jan 30 02:45:41 2026 GMT"",""tls.alpnProtocol"":""""},""status"":{""code"":0},""events"":[],""links"":[]}",
"17/09/2025, 15:18:33.505","{""instrumentationScope"":{""name"":""@opentelemetry/instrumentation-http"",""version"":""0.205.0""},""traceId"":""eea2a7825352de6b09cc6368cde3612e"",""parentSpanContext"":{""traceId"":""eea2a7825352de6b09cc6368cde3612e"",""spanId"":""302a57d584aa328c"",""traceFlags"":1},""name"":""GET"",""id"":""b4f9a8007e8f009d"",""kind"":2,""timestamp"":1758122313438000,""duration"":65923.051,""attributes"":{""http.url"":""https://really-secret.vault.azure.net/secrets/my-secret/?api-version=7.6"",""http.method"":""GET"",""http.target"":""/secrets/my-secret/?api%2Dversion=7.6"",""net.peer.name"":""really-secret.vault.azure.net"",""http.host"":""really-secret.vault.azure.net:443"",""net.peer.ip"":""13.69.64.72"",""net.peer.port"":443,""http.response_content_length_uncompressed"":97,""http.status_code"":401,""http.status_text"":""UNAUTHORIZED"",""http.flavor"":""1.1"",""net.transport"":""ip_tcp""},""status"":{""code"":2},""events"":[],""links"":[]}",
"17/09/2025, 15:18:33.505","{""instrumentationScope"":{""name"":""@azure/core-rest-pipeline"",""version"":""1.22.1""},""traceId"":""eea2a7825352de6b09cc6368cde3612e"",""parentSpanContext"":{""traceId"":""eea2a7825352de6b09cc6368cde3612e"",""spanId"":""285c61d8f2c8462e"",""traceFlags"":1},""name"":""HTTP GET"",""id"":""302a57d584aa328c"",""kind"":2,""timestamp"":1758122313437000,""duration"":68124.172,""attributes"":{""http.url"":""https://really-secret.vault.azure.net/secrets/my-secret/?api%2Dversion=7.6"",""http.method"":""GET"",""http.user_agent"":"" azsdk-js-keyvault-secrets/4.10.0 azsdk-js-client azsdk-js-api azsdk-js-keyvault-secrets/1.0.0-beta.1 core-rest-pipeline/1.22.1 Node/22.19.0 OS/(x64-Linux-5.15.164.1-1.cm2)"",""requestId"":""cad0597a-6938-4cf8-b70c-b21ba0936574"",""az.namespace"":""Microsoft.KeyVault"",""http.status_code"":401,""serviceRequestId"":""32e102c2-8dff-405d-94e3-31e29a9f0315""},""status"":{""code"":2},""events"":[],""links"":[]}",
"17/09/2025, 15:18:33.530","{""instrumentationScope"":{""name"":""@azure/identity"",""version"":""4.12.0""},""traceId"":""eea2a7825352de6b09cc6368cde3612e"",""parentSpanContext"":{""traceId"":""eea2a7825352de6b09cc6368cde3612e"",""spanId"":""73c955b702f61831"",""traceFlags"":1},""name"":""EnvironmentCredential.getToken"",""id"":""f4c3f70b89b0bcff"",""kind"":0,""timestamp"":1758122313507000,""duration"":22505.857,""attributes"":{""az.namespace"":""Microsoft.KeyVault""},""status"":{""code"":2,""message"":""CredentialUnavailableError: EnvironmentCredential is unavailable. No underlying credential could be used. To troubleshoot, visit https://aka.ms/azsdk/js/identity/environmentcredential/troubleshoot.""},""events"":[{""name"":""exception"",""attributes"":{""exception.type"":""CredentialUnavailableError"",""exception.message"":""EnvironmentCredential is unavailable. No underlying credential could be used. To troubleshoot, visit https://aka.ms/azsdk/js/identity/environmentcredential/troubleshoot."",""exception.stacktrace"":""CredentialUnavailableError: EnvironmentCredential is unavailable. No underlying credential could be used. To troubleshoot, visit https://aka.ms/azsdk/js/identity/environmentcredential/troubleshoot.\n    at <anonymous> (/home/site/node_modules/@azure/identity/src/credentials/environmentCredential.ts:169:13)\n    at <anonymous> (/home/site/wwwroot/node_modules/@azure/core-tracing/src/tracingClient.ts:71:25)\n    at AsyncLocalStorage.run (node:internal/async_local_storage/async_hooks:91:14)\n    at AsyncLocalStorageContextManager.with (/home/site/wwwroot/node_modules/@opentelemetry/context-async-hooks/src/AsyncLocalStorageContextManager.ts:40:36)\n    at ContextAPI.with (/home/site/wwwroot/node_modules/@opentelemetry/api/src/api/context.ts:77:42)\n    at OpenTelemetryInstrumenter.withContext (/home/site/node_modules/@azure/opentelemetry-instrumentation-azure-sdk/src/instrumenter.ts:66:20)\n    at withContext (/home/site/wwwroot/node_modules/@azure/core-tracing/src/tracingClient.ts:91:30)\n    at Object.withSpan (/home/site/wwwroot/node_modules/@azure/core-tracing/src/tracingClient.ts:70:28)\n    at EnvironmentCredential.getToken (/home/site/node_modules/@azure/identity/src/credentials/environmentCredential.ts:154:26)\n    at <anonymous> (/home/site/node_modules/@azure/identity/src/credentials/chainedTokenCredential.ts:79:44)""},""time"":[1758122313,529481961],""droppedAttributesCount"":0}],""links"":[]}",
"17/09/2025, 15:18:33.541","{""instrumentationScope"":{""name"":""@opentelemetry/instrumentation-net"",""version"":""0.49.0""},""traceId"":""eea2a7825352de6b09cc6368cde3612e"",""parentSpanContext"":{""traceId"":""eea2a7825352de6b09cc6368cde3612e"",""spanId"":""40daf983824db860"",""traceFlags"":1},""name"":""tcp.connect"",""id"":""91238ca720c83267"",""kind"":0,""timestamp"":1758122313532000,""duration"":7960.943,""attributes"":{""net.transport"":""ip_tcp"",""net.peer.name"":""169.254.255.2"",""net.peer.port"":""8081"",""net.peer.ip"":""169.254.255.2"",""net.host.ip"":""169.254.255.1"",""net.host.port"":53498},""status"":{""code"":0},""events"":[],""links"":[]}",
"17/09/2025, 15:18:33.545","{""instrumentationScope"":{""name"":""@opentelemetry/instrumentation-http"",""version"":""0.205.0""},""traceId"":""eea2a7825352de6b09cc6368cde3612e"",""parentSpanContext"":{""traceId"":""eea2a7825352de6b09cc6368cde3612e"",""spanId"":""29a6b47b28763f18"",""traceFlags"":1},""name"":""GET"",""id"":""738c58e4f2c39f52"",""kind"":2,""timestamp"":1758122313532000,""duration"":12802.245,""attributes"":{""http.url"":""http://169.254.255.2:8081/msi/token?api-version=2019-08-01&resource=https%3A%2F%2Fvault.azure.net"",""http.method"":""GET"",""http.target"":""/msi/token?api-version=2019-08-01&resource=https%3A%2F%2Fvault.azure.net"",""net.peer.name"":""169.254.255.2"",""http.host"":""169.254.255.2:8081"",""net.peer.ip"":""169.254.255.2"",""net.peer.port"":8081,""http.status_code"":200,""http.status_text"":""OK"",""http.flavor"":""1.1"",""net.transport"":""ip_tcp""},""status"":{""code"":0},""events"":[],""links"":[]}",
"17/09/2025, 15:18:33.545","{""instrumentationScope"":{""name"":""@opentelemetry/instrumentation-http"",""version"":""0.205.0""},""traceId"":""eea2a7825352de6b09cc6368cde3612e"",""parentSpanContext"":{""traceId"":""eea2a7825352de6b09cc6368cde3612e"",""spanId"":""738c58e4f2c39f52"",""traceFlags"":1},""name"":""GET"",""id"":""40daf983824db860"",""kind"":2,""timestamp"":1758122313532000,""duration"":12947.915,""attributes"":{""http.url"":""http://169.254.255.2:8081/msi/token?api-version=2019-08-01&resource=https%3A%2F%2Fvault.azure.net"",""http.method"":""GET"",""http.target"":""/msi/token?api-version=2019-08-01&resource=https%3A%2F%2Fvault.azure.net"",""net.peer.name"":""169.254.255.2"",""http.host"":""169.254.255.2:8081"",""net.peer.ip"":""169.254.255.2"",""net.peer.port"":8081,""http.status_code"":200,""http.status_text"":""OK"",""http.flavor"":""1.1"",""net.transport"":""ip_tcp""},""status"":{""code"":0},""events"":[],""links"":[]}",
"17/09/2025, 15:18:33.546","{""instrumentationScope"":{""name"":""@azure/core-rest-pipeline"",""version"":""1.22.1""},""traceId"":""eea2a7825352de6b09cc6368cde3612e"",""parentSpanContext"":{""traceId"":""eea2a7825352de6b09cc6368cde3612e"",""spanId"":""9991d3c98d80d33b"",""traceFlags"":1},""name"":""HTTP GET"",""id"":""29a6b47b28763f18"",""kind"":2,""timestamp"":1758122313532000,""duration"":14088.376,""attributes"":{""http.url"":""http://169.254.255.2:8081/msi/token?api-version=2019-08-01&resource=REDACTED"",""http.method"":""GET"",""http.user_agent"":""azsdk-js-identity/4.12.0 core-rest-pipeline/1.22.1 Node/22.19.0 OS/(x64-Linux-5.15.164.1-1.cm2)"",""requestId"":""f2a44207-c396-40ae-af93-cbc3affc349d"",""az.namespace"":""Microsoft.KeyVault"",""http.status_code"":200},""status"":{""code"":0},""events"":[],""links"":[]}",
"17/09/2025, 15:18:33.548","{""instrumentationScope"":{""name"":""@azure/identity"",""version"":""4.12.0""},""traceId"":""eea2a7825352de6b09cc6368cde3612e"",""parentSpanContext"":{""traceId"":""eea2a7825352de6b09cc6368cde3612e"",""spanId"":""73c955b702f61831"",""traceFlags"":1},""name"":""ManagedIdentityCredential.getToken"",""id"":""9991d3c98d80d33b"",""kind"":0,""timestamp"":1758122313530000,""duration"":17804.24,""attributes"":{""az.namespace"":""Microsoft.KeyVault""},""status"":{""code"":0},""events"":[],""links"":[]}",
"17/09/2025, 15:18:33.548","{""instrumentationScope"":{""name"":""@azure/identity"",""version"":""4.12.0""},""traceId"":""eea2a7825352de6b09cc6368cde3612e"",""parentSpanContext"":{""traceId"":""eea2a7825352de6b09cc6368cde3612e"",""spanId"":""285c61d8f2c8462e"",""traceFlags"":1},""name"":""ChainedTokenCredential.getToken"",""id"":""73c955b702f61831"",""kind"":0,""timestamp"":1758122313506000,""duration"":41215.603,""attributes"":{""az.namespace"":""Microsoft.KeyVault""},""status"":{""code"":0},""events"":[],""links"":[]}",
"17/09/2025, 15:18:33.701","End prewarm",eea2a7825352de6b09cc6368cde3612e
"17/09/2025, 15:18:33.701","{""instrumentationScope"":{""name"":""@opentelemetry/instrumentation-http"",""version"":""0.205.0""},""traceId"":""eea2a7825352de6b09cc6368cde3612e"",""parentSpanContext"":{""traceId"":""eea2a7825352de6b09cc6368cde3612e"",""spanId"":""bbfe4c14e419eefe"",""traceFlags"":1},""name"":""GET"",""id"":""be500fc398885f85"",""kind"":2,""timestamp"":1758122313548000,""duration"":152816.025,""attributes"":{""http.url"":""https://really-secret.vault.azure.net/secrets/my-secret/?api-version=7.6"",""http.method"":""GET"",""http.target"":""/secrets/my-secret/?api%2Dversion=7.6"",""net.peer.name"":""really-secret.vault.azure.net"",""http.host"":""really-secret.vault.azure.net:443"",""net.peer.ip"":""13.69.64.72"",""net.peer.port"":443,""http.response_content_length_uncompressed"":261,""http.status_code"":200,""http.status_text"":""OK"",""http.flavor"":""1.1"",""net.transport"":""ip_tcp""},""status"":{""code"":0},""events"":[],""links"":[]}",
"17/09/2025, 15:18:33.701","{""instrumentationScope"":{""name"":""@azure/core-rest-pipeline"",""version"":""1.22.1""},""traceId"":""eea2a7825352de6b09cc6368cde3612e"",""parentSpanContext"":{""traceId"":""eea2a7825352de6b09cc6368cde3612e"",""spanId"":""285c61d8f2c8462e"",""traceFlags"":1},""name"":""HTTP GET"",""id"":""bbfe4c14e419eefe"",""kind"":2,""timestamp"":1758122313548000,""duration"":153497.162,""attributes"":{""http.url"":""https://really-secret.vault.azure.net/secrets/my-secret/?api%2Dversion=7.6"",""http.method"":""GET"",""http.user_agent"":"" azsdk-js-keyvault-secrets/4.10.0 azsdk-js-client azsdk-js-api azsdk-js-keyvault-secrets/1.0.0-beta.1 core-rest-pipeline/1.22.1 Node/22.19.0 OS/(x64-Linux-5.15.164.1-1.cm2)"",""requestId"":""cad0597a-6938-4cf8-b70c-b21ba0936574"",""az.namespace"":""Microsoft.KeyVault"",""http.status_code"":200,""serviceRequestId"":""9204e4f0-121e-4311-ab3c-457ffe8083c6""},""status"":{""code"":0},""events"":[],""links"":[]}",
"17/09/2025, 15:18:33.702","{""instrumentationScope"":{""name"":""@azure/keyvault-secrets"",""version"":""4.10.0""},""traceId"":""eea2a7825352de6b09cc6368cde3612e"",""parentSpanContext"":{""traceId"":""eea2a7825352de6b09cc6368cde3612e"",""spanId"":""a7cf641b8827204b"",""traceFlags"":1},""name"":""SecretClient.getSecret"",""id"":""285c61d8f2c8462e"",""kind"":0,""timestamp"":1758122313435000,""duration"":267287.451,""attributes"":{""az.namespace"":""Microsoft.KeyVault""},""status"":{""code"":0},""events"":[],""links"":[]}",
"17/09/2025, 15:18:33.702","Secret loaded Local secret[object Object] 271.36691500000006",
"17/09/2025, 15:18:33.702","{""instrumentationScope"":{""name"":""azure-test-otel""},""traceId"":""eea2a7825352de6b09cc6368cde3612e"",""name"":""prewarm"",""id"":""a7cf641b8827204b"",""kind"":0,""timestamp"":1758122313430000,""duration"":271511.203,""attributes"":{},""status"":{""code"":0},""events"":[{""name"":""Start prewarm"",""attributes"":{},""time"":[1758122313,430132240],""droppedAttributesCount"":0},{""name"":""End prewarm"",""attributes"":{},""time"":[1758122313,701507958],""droppedAttributesCount"":0}],""links"":[]}",
"17/09/2025, 15:18:33.703","Setting Node.js programming model to ""@azure/functions"" version ""4.8.0""",
"17/09/2025, 15:18:33.704","Loaded entry point file ""dist/src/apps/http-with-keyvault-prewarm.mjs""",
"17/09/2025, 15:18:33.713","Worker process started and initialized.",
"17/09/2025, 15:18:33.716","Worker 2682f8b7-0acb-4d05-ac21-77ce880ccb30 received FunctionLoadRequest",
"17/09/2025, 15:18:35.232","Host Status: {
  ""id"": ""9a7f0077b28aff13db258374ba58e97f"",
  ""state"": ""Running"",
  ""version"": ""4.1042.100.3"",
  ""versionDetails"": ""4.1042.100-dev.3.0+d3360a6dfca598acda7b2f1550fb45ae23158c9b"",
  ""platformVersion"": """",
  ""instanceId"": ""95917706-ae0e-4b2b-a47a-e4a2f6c042b5"",
  ""computerName"": """",
  ""processUptime"": 1477011,
  ""functionAppContentEditingState"": ""NotAllowed"",
  ""extensionBundle"": {
    ""id"": ""Microsoft.Azure.Functions.ExtensionBundle"",
    ""version"": ""4.26.2""
  }
}",60aac4befafa7e5ed8d3ab776b238ab4
"17/09/2025, 15:18:36.853","Host lock lease acquired by instance ID '00000000000000000000000025ADC367'.",
"17/09/2025, 15:18:37.098","Host Status: {
  ""id"": ""9a7f0077b28aff13db258374ba58e97f"",
  ""state"": ""Running"",
  ""version"": ""4.1042.100.3"",
  ""versionDetails"": ""4.1042.100-dev.3.0+d3360a6dfca598acda7b2f1550fb45ae23158c9b"",
  ""platformVersion"": """",
  ""instanceId"": ""95917706-ae0e-4b2b-a47a-e4a2f6c042b5"",
  ""computerName"": """",
  ""processUptime"": 1478878,
  ""functionAppContentEditingState"": ""NotAllowed"",
  ""extensionBundle"": {
    ""id"": ""Microsoft.Azure.Functions.ExtensionBundle"",
    ""version"": ""4.26.2""
  }
}",09601caf875f24a8068caf983436ac8f
"17/09/2025, 15:19:01.816","HttpOptions
{
  ""DynamicThrottlesEnabled"": false,
  ""EnableChunkedRequestBinding"": false,
  ""MaxConcurrentRequests"": -1,
  ""MaxOutstandingRequests"": -1,
  ""RoutePrefix"": ""api""
}",
"17/09/2025, 15:19:01.816","ConcurrencyOptions
{
  ""DynamicConcurrencyEnabled"": false,
  ""MaximumFunctionConcurrency"": 500,
  ""CPUThreshold"": 0.8,
  ""SnapshotPersistenceEnabled"": true
}",
"17/09/2025, 15:19:38.159","DrainMode mode enabled",dd63d4a7be0da6b81471f1bf99bd42e6
"17/09/2025, 15:19:38.159","Calling StopAsync on the registered listeners",dd63d4a7be0da6b81471f1bf99bd42e6
"17/09/2025, 15:19:38.160","Call to StopAsync complete, registered listeners are now stopped",dd63d4a7be0da6b81471f1bf99bd42e6
"17/09/2025, 15:20:17.415","Starting deployment pipeline.",
"17/09/2025, 15:20:17.428","[Kudu-SourcePackageUriDownloadStep] Skipping download. Zip package is present at /tmp/zipdeploy/314dd196-32f2-49a6-90f1-2b722443014a.zip",
"17/09/2025, 15:20:17.430","[Kudu-ValidationStep] starting.",
"17/09/2025, 15:20:17.443","[Kudu-ValidationStep] completed.",
"17/09/2025, 15:20:17.445","[Kudu-ExtractZipStep] starting.",
"17/09/2025, 15:20:17.925","[Kudu-ExtractZipStep] completed.",
"17/09/2025, 15:20:17.926","[Kudu-ContentValidationStep] starting.",
"17/09/2025, 15:20:17.927","[Kudu-ContentValidationStep] completed.",
"17/09/2025, 15:20:17.928","[Kudu-PreBuildValidationStep] Skipping pre-build validation (remotebuild = false).",
"17/09/2025, 15:20:17.929","[Kudu-OryxBuildStep] Skipping oryx build (remotebuild = false).",
"17/09/2025, 15:20:17.930","[Kudu-PostBuildValidationStep] starting.",
"17/09/2025, 15:20:17.932","[Kudu-PostBuildValidationStep] completed.",
"17/09/2025, 15:20:17.934","[Kudu-PackageZipStep] starting.",
"17/09/2025, 15:20:18.671","[Kudu-PackageZipStep] completed.",
"17/09/2025, 15:20:18.679","[Kudu-UploadPackageStep] starting.",
"17/09/2025, 15:20:19.007","[Kudu-UploadPackageStep] completed. Uploaded package to storage successfully.",
"17/09/2025, 15:20:19.017","[Kudu-RemoveWorkersStep] starting.",
"17/09/2025, 15:20:19.107","[Kudu-RemoveWorkersStep] completed.",
"17/09/2025, 15:20:19.108","[Kudu-SyncTriggerStep] starting.",
"17/09/2025, 15:21:19.115","[Kudu-CleanUpStep] starting.",
"17/09/2025, 15:21:19.118","[Kudu-CleanUpStep] completed.",
"17/09/2025, 15:21:19.118","Finished deployment pipeline.",
"17/09/2025, 15:21:21.740","Initializing Warmup Extension.",
"17/09/2025, 15:21:21.747","Initializing Host. OperationId: '51e1b673-ac2f-42e3-ada3-3c3998c3915b'.",
"17/09/2025, 15:21:21.747","Host initialization: ConsecutiveErrors=0, StartupCount=3, OperationId=51e1b673-ac2f-42e3-ada3-3c3998c3915b",
"17/09/2025, 15:21:21.780","Loading HTTP Key Vault API function...",
"17/09/2025, 15:21:21.780","Loading HTTP Key Vault API function...",
"17/09/2025, 15:21:21.780","Secret loaded Local secretmi5 secret 468.07050899999996",
"17/09/2025, 15:21:21.780","LoggerFilterOptions
{
  ""MinLevel"": ""None"",
  ""Rules"": [
    {
      ""ProviderName"": null,
      ""CategoryName"": null,
      ""LogLevel"": ""Warning"",
      ""Filter"": null
    },
    {
      ""ProviderName"": null,
      ""CategoryName"": null,
      ""LogLevel"": null,
      ""Filter"": ""<AddFilter>b__0""
    },
    {
      ""ProviderName"": ""Microsoft.Azure.WebJobs.Script.WebHost.Diagnostics.WebHostSystemLoggerProvider"",
      ""CategoryName"": null,
      ""LogLevel"": ""None"",
      ""Filter"": null
    },
    {
      ""ProviderName"": ""Microsoft.Azure.WebJobs.Script.WebHost.Diagnostics.WebHostSystemLoggerProvider"",
      ""CategoryName"": null,
      ""LogLevel"": null,
      ""Filter"": ""<AddFilter>b__0""
    },
    {
      ""ProviderName"": null,
      ""CategoryName"": null,
      ""LogLevel"": null,
      ""Filter"": ""<AddFilter>b__0""
    },
    {
      ""ProviderName"": ""OpenTelemetry.Logs.OpenTelemetryLoggerProvider"",
      ""CategoryName"": ""Function.*"",
      ""LogLevel"": null,
      ""Filter"": ""<AddFilter>b__0""
    },
    {
      ""ProviderName"": ""OpenTelemetry.Logs.OpenTelemetryLoggerProvider"",
      ""CategoryName"": ""Azure.*"",
      ""LogLevel"": null,
      ""Filter"": ""<AddFilter>b__0""
    },
    {
      ""ProviderName"": ""OpenTelemetry.Logs.OpenTelemetryLoggerProvider"",
      ""CategoryName"": ""Host.Results"",
      ""LogLevel"": null,
      ""Filter"": ""<AddFilter>b__0""
    },
    {
      ""ProviderName"": ""OpenTelemetry.Logs.OpenTelemetryLoggerProvider"",
      ""CategoryName"": ""Host.Aggregator"",
      ""LogLevel"": null,
      ""Filter"": ""<AddFilter>b__0""
    },
    {
      ""ProviderName"": ""Microsoft.Azure.WebJobs.Script.WebHost.Diagnostics.SystemLoggerProvider"",
      ""CategoryName"": null,
      ""LogLevel"": ""None"",
      ""Filter"": null
    },
    {
      ""ProviderName"": ""Microsoft.Azure.WebJobs.Script.WebHost.Diagnostics.SystemLoggerProvider"",
      ""CategoryName"": null,
      ""LogLevel"": null,
      ""Filter"": ""<AddFilter>b__0""
    }
  ]
}",
"17/09/2025, 15:21:21.780","HttpWorkerOptions
{
  ""Type"": 0,
  ""Description"": null,
  ""Arguments"": null,
  ""Port"": 0,
  ""EnableForwardingHttpRequest"": false,
  ""EnableProxyingHttpRequest"": false,
  ""InitializationTimeout"": ""00:00:30""
}",
"17/09/2025, 15:21:21.780","FunctionResultAggregatorOptions
{
  ""BatchSize"": 1000,
  ""FlushTimeout"": ""00:00:30"",
  ""IsEnabled"": true
}",
"17/09/2025, 15:21:21.780","ConcurrencyOptions
{
  ""DynamicConcurrencyEnabled"": false,
  ""MaximumFunctionConcurrency"": 500,
  ""CPUThreshold"": 0.8,
  ""SnapshotPersistenceEnabled"": true
}",
"17/09/2025, 15:21:21.780","SingletonOptions
{
  ""LockPeriod"": ""00:00:15"",
  ""ListenerLockPeriod"": ""00:01:00"",
  ""LockAcquisitionTimeout"": ""10675199.02:48:05.4775807"",
  ""LockAcquisitionPollingInterval"": ""00:00:05"",
  ""ListenerLockRecoveryPollingInterval"": ""00:01:00""
}",
"17/09/2025, 15:21:21.780","ScaleOptions
{
  ""ScaleMetricsMaxAge"": ""00:02:00"",
  ""ScaleMetricsSampleInterval"": ""00:00:10"",
  ""MetricsPurgeEnabled"": true,
  ""IsTargetScalingEnabled"": true,
  ""IsRuntimeScalingEnabled"": false
}",
"17/09/2025, 15:21:21.780","Starting JobHost",
"17/09/2025, 15:21:21.781","Starting Host (HostId=9a7f0077b28aff13db258374ba58e97f, InstanceId=1242039f-6f4e-49d9-9ab7-2ee69055ee48, Version=4.1042.100.3, ProcessId=35, AppDomainId=1, InDebugMode=True, InDiagnosticMode=False, FunctionsExtensionVersion=~4)",
"17/09/2025, 15:21:21.781","Loading functions metadata",
"17/09/2025, 15:21:21.782","Reading functions metadata (Custom)",
"17/09/2025, 15:21:21.783","0 functions found (Custom)",
"17/09/2025, 15:21:21.783","1 functions loaded",
"17/09/2025, 15:21:21.786","Generating 1 job function(s)",
"17/09/2025, 15:21:21.788","Found the following functions:
Host.Functions.http-with-keyvault-prewarm
",
"17/09/2025, 15:21:21.789","HttpOptions
{
  ""DynamicThrottlesEnabled"": false,
  ""EnableChunkedRequestBinding"": false,
  ""MaxConcurrentRequests"": -1,
  ""MaxOutstandingRequests"": -1,
  ""RoutePrefix"": ""api""
}",
"17/09/2025, 15:21:21.789","Initializing function HTTP routes
Mapped function route 'api/http-with-keyvault-prewarm' [GET,POST] to 'http-with-keyvault-prewarm'
",
"17/09/2025, 15:21:21.789","Host initialized (7ms)",
"17/09/2025, 15:21:21.789","Host started (8ms)",
"17/09/2025, 15:21:21.789","Job host started",
"17/09/2025, 15:21:21.816","HttpOptions
{
  ""DynamicThrottlesEnabled"": false,
  ""EnableChunkedRequestBinding"": false,
  ""MaxConcurrentRequests"": -1,
  ""MaxOutstandingRequests"": -1,
  ""RoutePrefix"": ""api""
}",
"17/09/2025, 15:21:21.817","ConcurrencyOptions
{
  ""DynamicConcurrencyEnabled"": false,
  ""MaximumFunctionConcurrency"": 500,
  ""CPUThreshold"": 0.8,
  ""SnapshotPersistenceEnabled"": true
}",
"17/09/2025, 15:21:21.868","(node:210) ExperimentalWarning: `--experimental-loader` may be removed in the future; instead use `register()`:",
"17/09/2025, 15:21:21.868","--import 'data:text/javascript,import { register } from ""node:module""; import { pathToFileURL } from ""node:url""; register(""%40opentelemetry/instrumentation/hook.mjs"", pathToFileURL(""./""));'",
"17/09/2025, 15:21:21.868","(Use `node --trace-warnings ...` to show where the warning was created)",
"17/09/2025, 15:21:22.324","[Kudu-SyncTriggerStep] completed.",
"17/09/2025, 15:21:22.673",">>> Index OTEL loading",
"17/09/2025, 15:21:22.694",">>> Index OTEL loaded 20.838807000000088",
"17/09/2025, 15:21:22.800","{""instrumentationScope"":{""name"":""@opentelemetry/instrumentation-net"",""version"":""0.49.0""},""traceId"":""66450d90402ea60192ff556906feb7a8"",""name"":""tcp.connect"",""id"":""88fc454c26aa2835"",""kind"":0,""timestamp"":1758122482794000,""duration"":2284.493,""attributes"":{""net.transport"":""ip_tcp"",""net.peer.name"":""127.0.0.1"",""net.peer.port"":33745,""net.peer.ip"":""127.0.0.1"",""net.host.ip"":""127.0.0.1"",""net.host.port"":55800},""status"":{""code"":0},""events"":[],""links"":[]}",
"17/09/2025, 15:21:23.079","Start prewarm",3e67dc335b5693cea03da38aa86610a6
"17/09/2025, 15:21:23.079","Loading HTTP Key Vault API function...",
"17/09/2025, 15:21:23.079","Loading HTTP Key Vault API function...",
"17/09/2025, 15:21:23.114","{""instrumentationScope"":{""name"":""@opentelemetry/instrumentation-dns"",""version"":""0.49.0""},""traceId"":""3e67dc335b5693cea03da38aa86610a6"",""parentSpanContext"":{""traceId"":""3e67dc335b5693cea03da38aa86610a6"",""spanId"":""50eff54843ce4919"",""traceFlags"":1},""name"":""dns.lookup"",""id"":""b13ed3057046c86d"",""kind"":2,""timestamp"":1758122483109000,""duration"":5154.928,""attributes"":{""peer.ipv4"":""52.236.189.80"",""peer[1].ipv4"":""13.69.64.72"",""peer[2].ipv4"":""13.69.111.192""},""status"":{""code"":0},""events"":[],""links"":[]}",
"17/09/2025, 15:21:23.116","{""instrumentationScope"":{""name"":""@opentelemetry/instrumentation-net"",""version"":""0.49.0""},""traceId"":""3e67dc335b5693cea03da38aa86610a6"",""parentSpanContext"":{""traceId"":""3e67dc335b5693cea03da38aa86610a6"",""spanId"":""33224e40f4c63708"",""traceFlags"":1},""name"":""tcp.connect"",""id"":""c436ce07f7e3358e"",""kind"":0,""timestamp"":1758122483108000,""duration"":8248.879,""attributes"":{""net.transport"":""ip_tcp"",""net.peer.name"":""really-secret.vault.azure.net"",""net.peer.port"":443,""net.peer.ip"":""52.236.189.80"",""net.host.ip"":""169.254.7.200"",""net.host.port"":34520},""status"":{""code"":0},""events"":[],""links"":[]}",
"17/09/2025, 15:21:23.127","{""instrumentationScope"":{""name"":""@opentelemetry/instrumentation-net"",""version"":""0.49.0""},""traceId"":""3e67dc335b5693cea03da38aa86610a6"",""parentSpanContext"":{""traceId"":""3e67dc335b5693cea03da38aa86610a6"",""spanId"":""50eff54843ce4919"",""traceFlags"":1},""name"":""tls.connect"",""id"":""33224e40f4c63708"",""kind"":0,""timestamp"":1758122483108000,""duration"":19161.678,""attributes"":{""tls.protocol"":""TLSv1.3"",""tls.authorized"":""true"",""tls.cipher.name"":""TLS_AES_256_GCM_SHA384"",""tls.cipher.version"":""TLSv1.3"",""tls.certificate.fingerprint"":""B6:3A:EB:D7:AD:F4:1C:17:10:BC:D6:65:28:A8:B8:E8:75:5F:9B:4B"",""tls.certificate.serialNumber"":""33028BB6E997A2ECC0A28E0A640000028BB6E9"",""tls.certificate.validFrom"":""Aug  3 02:45:41 2025 GMT"",""tls.certificate.validTo"":""Jan 30 02:45:41 2026 GMT"",""tls.alpnProtocol"":""""},""status"":{""code"":0},""events"":[],""links"":[]}",
"17/09/2025, 15:21:23.153","{""instrumentationScope"":{""name"":""@opentelemetry/instrumentation-http"",""version"":""0.205.0""},""traceId"":""3e67dc335b5693cea03da38aa86610a6"",""parentSpanContext"":{""traceId"":""3e67dc335b5693cea03da38aa86610a6"",""spanId"":""6b0392029fbc2964"",""traceFlags"":1},""name"":""GET"",""id"":""50eff54843ce4919"",""kind"":2,""timestamp"":1758122483087000,""duration"":65403.435,""attributes"":{""http.url"":""https://really-secret.vault.azure.net/secrets/my-secret/?api-version=7.6"",""http.method"":""GET"",""http.target"":""/secrets/my-secret/?api%2Dversion=7.6"",""net.peer.name"":""really-secret.vault.azure.net"",""http.host"":""really-secret.vault.azure.net:443"",""net.peer.ip"":""52.236.189.80"",""net.peer.port"":443,""http.response_content_length_uncompressed"":97,""http.status_code"":401,""http.status_text"":""UNAUTHORIZED"",""http.flavor"":""1.1"",""net.transport"":""ip_tcp""},""status"":{""code"":2},""events"":[],""links"":[]}",
"17/09/2025, 15:21:23.154","{""instrumentationScope"":{""name"":""@azure/core-rest-pipeline"",""version"":""1.22.1""},""traceId"":""3e67dc335b5693cea03da38aa86610a6"",""parentSpanContext"":{""traceId"":""3e67dc335b5693cea03da38aa86610a6"",""spanId"":""2c9b7c4946e63184"",""traceFlags"":1},""name"":""HTTP GET"",""id"":""6b0392029fbc2964"",""kind"":2,""timestamp"":1758122483086000,""duration"":67636.28,""attributes"":{""http.url"":""https://really-secret.vault.azure.net/secrets/my-secret/?api%2Dversion=7.6"",""http.method"":""GET"",""http.user_agent"":"" azsdk-js-keyvault-secrets/4.10.0 azsdk-js-client azsdk-js-api azsdk-js-keyvault-secrets/1.0.0-beta.1 core-rest-pipeline/1.22.1 Node/22.19.0 OS/(x64-Linux-5.15.164.1-1.cm2)"",""requestId"":""ef910857-7c33-4aeb-bb34-83bd769a953b"",""az.namespace"":""Microsoft.KeyVault"",""http.status_code"":401,""serviceRequestId"":""c9ddd9b3-1521-4ae7-899c-a3d9dbc9d9ba""},""status"":{""code"":2},""events"":[],""links"":[]}",
"17/09/2025, 15:21:23.183","{""instrumentationScope"":{""name"":""@azure/identity"",""version"":""4.12.0""},""traceId"":""3e67dc335b5693cea03da38aa86610a6"",""parentSpanContext"":{""traceId"":""3e67dc335b5693cea03da38aa86610a6"",""spanId"":""c5d36c09f5792e81"",""traceFlags"":1},""name"":""EnvironmentCredential.getToken"",""id"":""588b00d03843fd2b"",""kind"":0,""timestamp"":1758122483155000,""duration"":27246.955,""attributes"":{""az.namespace"":""Microsoft.KeyVault""},""status"":{""code"":2,""message"":""CredentialUnavailableError: EnvironmentCredential is unavailable. No underlying credential could be used. To troubleshoot, visit https://aka.ms/azsdk/js/identity/environmentcredential/troubleshoot.""},""events"":[{""name"":""exception"",""attributes"":{""exception.type"":""CredentialUnavailableError"",""exception.message"":""EnvironmentCredential is unavailable. No underlying credential could be used. To troubleshoot, visit https://aka.ms/azsdk/js/identity/environmentcredential/troubleshoot."",""exception.stacktrace"":""CredentialUnavailableError: EnvironmentCredential is unavailable. No underlying credential could be used. To troubleshoot, visit https://aka.ms/azsdk/js/identity/environmentcredential/troubleshoot.\n    at <anonymous> (/home/site/node_modules/@azure/identity/src/credentials/environmentCredential.ts:169:13)\n    at <anonymous> (/home/site/wwwroot/node_modules/@azure/core-tracing/src/tracingClient.ts:71:25)\n    at AsyncLocalStorage.run (node:internal/async_local_storage/async_hooks:91:14)\n    at AsyncLocalStorageContextManager.with (/home/site/wwwroot/node_modules/@opentelemetry/context-async-hooks/src/AsyncLocalStorageContextManager.ts:40:36)\n    at ContextAPI.with (/home/site/wwwroot/node_modules/@opentelemetry/api/src/api/context.ts:77:42)\n    at OpenTelemetryInstrumenter.withContext (/home/site/node_modules/@azure/opentelemetry-instrumentation-azure-sdk/src/instrumenter.ts:66:20)\n    at withContext (/home/site/wwwroot/node_modules/@azure/core-tracing/src/tracingClient.ts:91:30)\n    at Object.withSpan (/home/site/wwwroot/node_modules/@azure/core-tracing/src/tracingClient.ts:70:28)\n    at EnvironmentCredential.getToken (/home/site/node_modules/@azure/identity/src/credentials/environmentCredential.ts:154:26)\n    at <anonymous> (/home/site/node_modules/@azure/identity/src/credentials/chainedTokenCredential.ts:79:44)""},""time"":[1758122483,182226215],""droppedAttributesCount"":0}],""links"":[]}",
"17/09/2025, 15:21:23.196","{""instrumentationScope"":{""name"":""@opentelemetry/instrumentation-net"",""version"":""0.49.0""},""traceId"":""3e67dc335b5693cea03da38aa86610a6"",""parentSpanContext"":{""traceId"":""3e67dc335b5693cea03da38aa86610a6"",""spanId"":""9ac649e0eab14292"",""traceFlags"":1},""name"":""tcp.connect"",""id"":""60af24216e66e3c8"",""kind"":0,""timestamp"":1758122483186000,""duration"":7515.939,""attributes"":{""net.transport"":""ip_tcp"",""net.peer.name"":""169.254.255.2"",""net.peer.port"":""8081"",""net.peer.ip"":""169.254.255.2"",""net.host.ip"":""169.254.255.1"",""net.host.port"":54986},""status"":{""code"":0},""events"":[],""links"":[]}",
"17/09/2025, 15:21:23.198","{""instrumentationScope"":{""name"":""@opentelemetry/instrumentation-http"",""version"":""0.205.0""},""traceId"":""3e67dc335b5693cea03da38aa86610a6"",""parentSpanContext"":{""traceId"":""3e67dc335b5693cea03da38aa86610a6"",""spanId"":""d57c562560a935e1"",""traceFlags"":1},""name"":""GET"",""id"":""53f485cc39784014"",""kind"":2,""timestamp"":1758122483185000,""duration"":12333.373,""attributes"":{""http.url"":""http://169.254.255.2:8081/msi/token?api-version=2019-08-01&resource=https%3A%2F%2Fvault.azure.net"",""http.method"":""GET"",""http.target"":""/msi/token?api-version=2019-08-01&resource=https%3A%2F%2Fvault.azure.net"",""net.peer.name"":""169.254.255.2"",""http.host"":""169.254.255.2:8081"",""net.peer.ip"":""169.254.255.2"",""net.peer.port"":8081,""http.status_code"":200,""http.status_text"":""OK"",""http.flavor"":""1.1"",""net.transport"":""ip_tcp""},""status"":{""code"":0},""events"":[],""links"":[]}",
"17/09/2025, 15:21:23.198","{""instrumentationScope"":{""name"":""@opentelemetry/instrumentation-http"",""version"":""0.205.0""},""traceId"":""3e67dc335b5693cea03da38aa86610a6"",""parentSpanContext"":{""traceId"":""3e67dc335b5693cea03da38aa86610a6"",""spanId"":""53f485cc39784014"",""traceFlags"":1},""name"":""GET"",""id"":""9ac649e0eab14292"",""kind"":2,""timestamp"":1758122483185000,""duration"":12469.725,""attributes"":{""http.url"":""http://169.254.255.2:8081/msi/token?api-version=2019-08-01&resource=https%3A%2F%2Fvault.azure.net"",""http.method"":""GET"",""http.target"":""/msi/token?api-version=2019-08-01&resource=https%3A%2F%2Fvault.azure.net"",""net.peer.name"":""169.254.255.2"",""http.host"":""169.254.255.2:8081"",""net.peer.ip"":""169.254.255.2"",""net.peer.port"":8081,""http.status_code"":200,""http.status_text"":""OK"",""http.flavor"":""1.1"",""net.transport"":""ip_tcp""},""status"":{""code"":0},""events"":[],""links"":[]}",
"17/09/2025, 15:21:23.198","{""instrumentationScope"":{""name"":""@azure/core-rest-pipeline"",""version"":""1.22.1""},""traceId"":""3e67dc335b5693cea03da38aa86610a6"",""parentSpanContext"":{""traceId"":""3e67dc335b5693cea03da38aa86610a6"",""spanId"":""828849c445590bff"",""traceFlags"":1},""name"":""HTTP GET"",""id"":""d57c562560a935e1"",""kind"":2,""timestamp"":1758122483185000,""duration"":13605.005,""attributes"":{""http.url"":""http://169.254.255.2:8081/msi/token?api-version=2019-08-01&resource=REDACTED"",""http.method"":""GET"",""http.user_agent"":""azsdk-js-identity/4.12.0 core-rest-pipeline/1.22.1 Node/22.19.0 OS/(x64-Linux-5.15.164.1-1.cm2)"",""requestId"":""90a9ec1b-4d21-4bb7-9c43-41e06f33e28f"",""az.namespace"":""Microsoft.KeyVault"",""http.status_code"":200},""status"":{""code"":0},""events"":[],""links"":[]}",
"17/09/2025, 15:21:23.200","{""instrumentationScope"":{""name"":""@azure/identity"",""version"":""4.12.0""},""traceId"":""3e67dc335b5693cea03da38aa86610a6"",""parentSpanContext"":{""traceId"":""3e67dc335b5693cea03da38aa86610a6"",""spanId"":""c5d36c09f5792e81"",""traceFlags"":1},""name"":""ManagedIdentityCredential.getToken"",""id"":""828849c445590bff"",""kind"":0,""timestamp"":1758122483183000,""duration"":17534.304,""attributes"":{""az.namespace"":""Microsoft.KeyVault""},""status"":{""code"":0},""events"":[],""links"":[]}",
"17/09/2025, 15:21:23.200","{""instrumentationScope"":{""name"":""@azure/identity"",""version"":""4.12.0""},""traceId"":""3e67dc335b5693cea03da38aa86610a6"",""parentSpanContext"":{""traceId"":""3e67dc335b5693cea03da38aa86610a6"",""spanId"":""2c9b7c4946e63184"",""traceFlags"":1},""name"":""ChainedTokenCredential.getToken"",""id"":""c5d36c09f5792e81"",""kind"":0,""timestamp"":1758122483155000,""duration"":45614.072,""attributes"":{""az.namespace"":""Microsoft.KeyVault""},""status"":{""code"":0},""events"":[],""links"":[]}",
"17/09/2025, 15:21:23.356","End prewarm",3e67dc335b5693cea03da38aa86610a6
"17/09/2025, 15:21:23.356","{""instrumentationScope"":{""name"":""@opentelemetry/instrumentation-http"",""version"":""0.205.0""},""traceId"":""3e67dc335b5693cea03da38aa86610a6"",""parentSpanContext"":{""traceId"":""3e67dc335b5693cea03da38aa86610a6"",""spanId"":""2164ee5f2bfa9ec9"",""traceFlags"":1},""name"":""GET"",""id"":""6d63c8cfba5a91f9"",""kind"":2,""timestamp"":1758122483201000,""duration"":154661.659,""attributes"":{""http.url"":""https://really-secret.vault.azure.net/secrets/my-secret/?api-version=7.6"",""http.method"":""GET"",""http.target"":""/secrets/my-secret/?api%2Dversion=7.6"",""net.peer.name"":""really-secret.vault.azure.net"",""http.host"":""really-secret.vault.azure.net:443"",""net.peer.ip"":""52.236.189.80"",""net.peer.port"":443,""http.response_content_length_uncompressed"":261,""http.status_code"":200,""http.status_text"":""OK"",""http.flavor"":""1.1"",""net.transport"":""ip_tcp""},""status"":{""code"":0},""events"":[],""links"":[]}",
"17/09/2025, 15:21:23.356","{""instrumentationScope"":{""name"":""@azure/core-rest-pipeline"",""version"":""1.22.1""},""traceId"":""3e67dc335b5693cea03da38aa86610a6"",""parentSpanContext"":{""traceId"":""3e67dc335b5693cea03da38aa86610a6"",""spanId"":""2c9b7c4946e63184"",""traceFlags"":1},""name"":""HTTP GET"",""id"":""2164ee5f2bfa9ec9"",""kind"":2,""timestamp"":1758122483200000,""duration"":155487.672,""attributes"":{""http.url"":""https://really-secret.vault.azure.net/secrets/my-secret/?api%2Dversion=7.6"",""http.method"":""GET"",""http.user_agent"":"" azsdk-js-keyvault-secrets/4.10.0 azsdk-js-client azsdk-js-api azsdk-js-keyvault-secrets/1.0.0-beta.1 core-rest-pipeline/1.22.1 Node/22.19.0 OS/(x64-Linux-5.15.164.1-1.cm2)"",""requestId"":""ef910857-7c33-4aeb-bb34-83bd769a953b"",""az.namespace"":""Microsoft.KeyVault"",""http.status_code"":200,""serviceRequestId"":""5194382a-5444-4024-baa9-a5b8fe6e484f""},""status"":{""code"":0},""events"":[],""links"":[]}",
"17/09/2025, 15:21:23.357","{""instrumentationScope"":{""name"":""@azure/keyvault-secrets"",""version"":""4.10.0""},""traceId"":""3e67dc335b5693cea03da38aa86610a6"",""parentSpanContext"":{""traceId"":""3e67dc335b5693cea03da38aa86610a6"",""spanId"":""a5ed4e6382059042"",""traceFlags"":1},""name"":""SecretClient.getSecret"",""id"":""2c9b7c4946e63184"",""kind"":0,""timestamp"":1758122483083000,""duration"":273296.035,""attributes"":{""az.namespace"":""Microsoft.KeyVault""},""status"":{""code"":0},""events"":[],""links"":[]}",
"17/09/2025, 15:21:23.357","Secret loaded Local secretmi5 secret 277.4407510000001",
"17/09/2025, 15:21:23.357","{""instrumentationScope"":{""name"":""azure-test-otel""},""traceId"":""3e67dc335b5693cea03da38aa86610a6"",""name"":""prewarm"",""id"":""a5ed4e6382059042"",""kind"":0,""timestamp"":1758122483079000,""duration"":277608.419,""attributes"":{},""status"":{""code"":0},""events"":[{""name"":""Start prewarm"",""attributes"":{},""time"":[1758122483,79143722],""droppedAttributesCount"":0},{""name"":""End prewarm"",""attributes"":{},""time"":[1758122483,356604784],""droppedAttributesCount"":0}],""links"":[]}",
"17/09/2025, 15:21:23.358","Setting Node.js programming model to ""@azure/functions"" version ""4.8.0""",
"17/09/2025, 15:21:23.359","Loaded entry point file ""dist/src/apps/http-with-keyvault-prewarm.mjs""",
"17/09/2025, 15:21:23.368","Worker process started and initialized.",
"17/09/2025, 15:21:23.372","Worker 4aed421e-db76-4d46-9051-94c50e12403c received FunctionLoadRequest",
"17/09/2025, 15:21:26.808","Host lock lease acquired by instance ID '00000000000000000000000022B295BC'.",
"17/09/2025, 15:22:25.285","Host Status: {
  ""id"": ""9a7f0077b28aff13db258374ba58e97f"",
  ""state"": ""Running"",
  ""version"": ""4.1042.100.3"",
  ""versionDetails"": ""4.1042.100-dev.3.0+d3360a6dfca598acda7b2f1550fb45ae23158c9b"",
  ""platformVersion"": """",
  ""instanceId"": ""be4755ed-9951-465d-929f-172f2f5fa135"",
  ""computerName"": """",
  ""processUptime"": 518052,
  ""functionAppContentEditingState"": ""NotAllowed"",
  ""extensionBundle"": {
    ""id"": ""Microsoft.Azure.Functions.ExtensionBundle"",
    ""version"": ""4.26.2""
  }
}",9c519c94c014bce0e3ddffd8ffcfa938
"17/09/2025, 15:22:28.956","Worker 4aed421e-db76-4d46-9051-94c50e12403c received FunctionInvocationRequest with invocationId 5e807cec-dc5a-44cf-95aa-6798740ea4d7",
"17/09/2025, 15:22:28.959","Executing 1 ""preInvocation"" hooks",
"17/09/2025, 15:22:28.960","Executed ""preInvocation"" hooks",
"17/09/2025, 15:22:28.960","Header traceparent: ""null""",eb9e90d43d9d728fb1374e926c782361
"17/09/2025, 15:22:28.961","Local secret: ""Local secretmi5 secret""",eb9e90d43d9d728fb1374e926c782361
"17/09/2025, 15:22:28.961","ActiveSpan spanId: ""[object Object]""",eb9e90d43d9d728fb1374e926c782361
"17/09/2025, 15:22:28.961","ActiveSpan traceId: ""[object Object]""",eb9e90d43d9d728fb1374e926c782361
"17/09/2025, 15:22:28.961","Context traceparent: ""00-eb9e90d43d9d728fb1374e926c782361-d850206140a5cbf4-01""",eb9e90d43d9d728fb1374e926c782361
"17/09/2025, 15:22:28.978","{""instrumentationScope"":{""name"":""@opentelemetry/instrumentation-http"",""version"":""0.205.0""},""traceId"":""eb9e90d43d9d728fb1374e926c782361"",""parentSpanContext"":{""traceId"":""eb9e90d43d9d728fb1374e926c782361"",""spanId"":""bdd2c570f28b7728"",""traceFlags"":1},""name"":""GET"",""id"":""9399d7b99f5f4dfc"",""kind"":2,""timestamp"":1758122548963000,""duration"":14802.559,""attributes"":{""http.url"":""https://really-secret.vault.azure.net/secrets/my-secret/?api-version=7.6"",""http.method"":""GET"",""http.target"":""/secrets/my-secret/?api%2Dversion=7.6"",""net.peer.name"":""really-secret.vault.azure.net"",""http.host"":""really-secret.vault.azure.net:443"",""net.peer.ip"":""52.236.189.80"",""net.peer.port"":443,""http.response_content_length_uncompressed"":97,""http.status_code"":401,""http.status_text"":""UNAUTHORIZED"",""http.flavor"":""1.1"",""net.transport"":""ip_tcp""},""status"":{""code"":2},""events"":[],""links"":[]}",
"17/09/2025, 15:22:28.978","{""instrumentationScope"":{""name"":""@azure/core-rest-pipeline"",""version"":""1.22.1""},""traceId"":""eb9e90d43d9d728fb1374e926c782361"",""parentSpanContext"":{""traceId"":""eb9e90d43d9d728fb1374e926c782361"",""spanId"":""de8f9813db256b7f"",""traceFlags"":1},""name"":""HTTP GET"",""id"":""bdd2c570f28b7728"",""kind"":2,""timestamp"":1758122548963000,""duration"":15296.181,""attributes"":{""http.url"":""https://really-secret.vault.azure.net/secrets/my-secret/?api%2Dversion=7.6"",""http.method"":""GET"",""http.user_agent"":"" azsdk-js-keyvault-secrets/4.10.0 azsdk-js-client azsdk-js-api azsdk-js-keyvault-secrets/1.0.0-beta.1 core-rest-pipeline/1.22.1 Node/22.19.0 OS/(x64-Linux-5.15.164.1-1.cm2)"",""requestId"":""60030101-d6b8-444c-9f1f-9865fb5525e9"",""az.namespace"":""Microsoft.KeyVault"",""http.status_code"":401,""serviceRequestId"":""bb16b398-c7a1-4bd1-84ed-c5af92d04bb2""},""status"":{""code"":2},""events"":[],""links"":[]}",
"17/09/2025, 15:22:28.979","{""instrumentationScope"":{""name"":""@azure/identity"",""version"":""4.12.0""},""traceId"":""eb9e90d43d9d728fb1374e926c782361"",""parentSpanContext"":{""traceId"":""eb9e90d43d9d728fb1374e926c782361"",""spanId"":""3b452a6f174fdf66"",""traceFlags"":1},""name"":""EnvironmentCredential.getToken"",""id"":""3302c63e41f080cb"",""kind"":0,""timestamp"":1758122548978000,""duration"":287.767,""attributes"":{""az.namespace"":""Microsoft.KeyVault""},""status"":{""code"":2,""message"":""CredentialUnavailableError: EnvironmentCredential is unavailable. No underlying credential could be used. To troubleshoot, visit https://aka.ms/azsdk/js/identity/environmentcredential/troubleshoot.""},""events"":[{""name"":""exception"",""attributes"":{""exception.type"":""CredentialUnavailableError"",""exception.message"":""EnvironmentCredential is unavailable. No underlying credential could be used. To troubleshoot, visit https://aka.ms/azsdk/js/identity/environmentcredential/troubleshoot."",""exception.stacktrace"":""CredentialUnavailableError: EnvironmentCredential is unavailable. No underlying credential could be used. To troubleshoot, visit https://aka.ms/azsdk/js/identity/environmentcredential/troubleshoot.\n    at <anonymous> (/home/site/node_modules/@azure/identity/src/credentials/environmentCredential.ts:169:13)\n    at <anonymous> (/home/site/wwwroot/node_modules/@azure/core-tracing/src/tracingClient.ts:71:25)\n    at AsyncLocalStorage.run (node:internal/async_local_storage/async_hooks:91:14)\n    at AsyncLocalStorageContextManager.with (/home/site/wwwroot/node_modules/@opentelemetry/context-async-hooks/src/AsyncLocalStorageContextManager.ts:40:36)\n    at ContextAPI.with (/home/site/wwwroot/node_modules/@opentelemetry/api/src/api/context.ts:77:42)\n    at OpenTelemetryInstrumenter.withContext (/home/site/node_modules/@azure/opentelemetry-instrumentation-azure-sdk/src/instrumenter.ts:66:20)\n    at withContext (/home/site/wwwroot/node_modules/@azure/core-tracing/src/tracingClient.ts:91:30)\n    at Object.withSpan (/home/site/wwwroot/node_modules/@azure/core-tracing/src/tracingClient.ts:70:28)\n    at EnvironmentCredential.getToken (/home/site/node_modules/@azure/identity/src/credentials/environmentCredential.ts:154:26)\n    at <anonymous> (/home/site/node_modules/@azure/identity/src/credentials/chainedTokenCredential.ts:79:44)""},""time"":[1758122548,978283200],""droppedAttributesCount"":0}],""links"":[]}",
"17/09/2025, 15:22:28.980","{""instrumentationScope"":{""name"":""@azure/identity"",""version"":""4.12.0""},""traceId"":""eb9e90d43d9d728fb1374e926c782361"",""parentSpanContext"":{""traceId"":""eb9e90d43d9d728fb1374e926c782361"",""spanId"":""3b452a6f174fdf66"",""traceFlags"":1},""name"":""ManagedIdentityCredential.getToken"",""id"":""720a6601bab56b12"",""kind"":0,""timestamp"":1758122548979000,""duration"":636.092,""attributes"":{""az.namespace"":""Microsoft.KeyVault""},""status"":{""code"":0},""events"":[],""links"":[]}",
"17/09/2025, 15:22:28.980","{""instrumentationScope"":{""name"":""@azure/identity"",""version"":""4.12.0""},""traceId"":""eb9e90d43d9d728fb1374e926c782361"",""parentSpanContext"":{""traceId"":""eb9e90d43d9d728fb1374e926c782361"",""spanId"":""de8f9813db256b7f"",""traceFlags"":1},""name"":""ChainedTokenCredential.getToken"",""id"":""3b452a6f174fdf66"",""kind"":0,""timestamp"":1758122548978000,""duration"":1264.463,""attributes"":{""az.namespace"":""Microsoft.KeyVault""},""status"":{""code"":0},""events"":[],""links"":[]}",
"17/09/2025, 15:22:29.110","{""instrumentationScope"":{""name"":""@opentelemetry/instrumentation-http"",""version"":""0.205.0""},""traceId"":""eb9e90d43d9d728fb1374e926c782361"",""parentSpanContext"":{""traceId"":""eb9e90d43d9d728fb1374e926c782361"",""spanId"":""546b113941bc575e"",""traceFlags"":1},""name"":""GET"",""id"":""90d2c30abe0340de"",""kind"":2,""timestamp"":1758122548980000,""duration"":129382.842,""attributes"":{""http.url"":""https://really-secret.vault.azure.net/secrets/my-secret/?api-version=7.6"",""http.method"":""GET"",""http.target"":""/secrets/my-secret/?api%2Dversion=7.6"",""net.peer.name"":""really-secret.vault.azure.net"",""http.host"":""really-secret.vault.azure.net:443"",""net.peer.ip"":""52.236.189.80"",""net.peer.port"":443,""http.response_content_length_uncompressed"":261,""http.status_code"":200,""http.status_text"":""OK"",""http.flavor"":""1.1"",""net.transport"":""ip_tcp""},""status"":{""code"":0},""events"":[],""links"":[]}",
"17/09/2025, 15:22:29.110","{""instrumentationScope"":{""name"":""@azure/core-rest-pipeline"",""version"":""1.22.1""},""traceId"":""eb9e90d43d9d728fb1374e926c782361"",""parentSpanContext"":{""traceId"":""eb9e90d43d9d728fb1374e926c782361"",""spanId"":""de8f9813db256b7f"",""traceFlags"":1},""name"":""HTTP GET"",""id"":""546b113941bc575e"",""kind"":2,""timestamp"":1758122548980000,""duration"":129946.147,""attributes"":{""http.url"":""https://really-secret.vault.azure.net/secrets/my-secret/?api%2Dversion=7.6"",""http.method"":""GET"",""http.user_agent"":"" azsdk-js-keyvault-secrets/4.10.0 azsdk-js-client azsdk-js-api azsdk-js-keyvault-secrets/1.0.0-beta.1 core-rest-pipeline/1.22.1 Node/22.19.0 OS/(x64-Linux-5.15.164.1-1.cm2)"",""requestId"":""60030101-d6b8-444c-9f1f-9865fb5525e9"",""az.namespace"":""Microsoft.KeyVault"",""http.status_code"":200,""serviceRequestId"":""bd67551e-ace2-44cd-8a4a-665129787c67""},""status"":{""code"":0},""events"":[],""links"":[]}",
"17/09/2025, 15:22:29.110","{""instrumentationScope"":{""name"":""@azure/keyvault-secrets"",""version"":""4.10.0""},""traceId"":""eb9e90d43d9d728fb1374e926c782361"",""parentSpanContext"":{""traceId"":""eb9e90d43d9d728fb1374e926c782361"",""spanId"":""d850206140a5cbf4"",""traceFlags"":1,""isRemote"":true},""name"":""SecretClient.getSecret"",""id"":""de8f9813db256b7f"",""kind"":0,""timestamp"":1758122548962000,""duration"":148156.894,""attributes"":{""az.namespace"":""Microsoft.KeyVault""},""status"":{""code"":0},""events"":[],""links"":[]}",
